comment,full_comment,negative,neutral,positive,compound,sentiment
Piastriâ¤â¤â¤,Piastriâ¤â¤â¤,0.0,0.241,0.759,0.9274,Positive
Chat WarnerBros Official account and still only 50 Comments is interesting lol,Chat WarnerBros Official account and still only 50 Comments is interesting lol,0.0,0.645,0.355,0.6705,Positive
F1 ì„ ìˆ˜ê°€ ì¹´íŽ˜ ê°€ë©´ ë­ ì£¼ë¬¸í• ê¹Œ?  ìžë™ì°¨,F1 ì„ ìˆ˜ê°€ ì¹´íŽ˜ ê°€ë©´ ë­ ì£¼ë¬¸í• ê¹Œ?  ìžë™ì°¨,0.0,1.0,0.0,0.0,Neutral
ðŸ˜â¤,ðŸ˜â¤,0.0,0.357,0.643,0.802,Positive
"yawar
Hussain","yawar
Hussain",0.0,1.0,0.0,0.0,Neutral
ðŸ˜‚ðŸ˜‚ðŸ˜‚ðŸ˜‚,ðŸ˜‚ðŸ˜‚ðŸ˜‚ðŸ˜‚,0.218,0.345,0.437,0.891,Positive
â¤ï¸,â¤ï¸,0.0,1.0,0.0,0.0,Neutral
"â€œWhatâ€™s happening?â€
â€œHeâ€™s flyingâ€","â€œWhatâ€™s happening?â€
â€œHeâ€™s flyingâ€",0.0,1.0,0.0,0.0,Neutral
â¤ï¸,â¤ï¸,0.0,1.0,0.0,0.0,Neutral
ðŸ¤£ðŸ¤£ðŸ¤£ðŸ¤£ðŸ¤£ðŸ¤£ðŸ¤£ðŸ¤£ðŸ¤£ðŸ¤£,ðŸ¤£ðŸ¤£ðŸ¤£ðŸ¤£ðŸ¤£ðŸ¤£ðŸ¤£ðŸ¤£ðŸ¤£ðŸ¤£,0.0,0.556,0.444,0.9849,Positive
ðŸ˜‚Ryfy,ðŸ˜‚Ryfy,0.322,0.678,0.0,-0.2263,Negative
â¤ï¸,â¤ï¸,0.0,1.0,0.0,0.0,Neutral
I watched this movie in the cinema from egypt its insane its..fantastic ðŸ’—,I watched this movie in the cinema from egypt its insane its..fantastic ðŸ’—,0.138,0.561,0.301,0.4939,Positive
AMEIâ¤â¤â¤,AMEIâ¤â¤â¤,0.0,0.241,0.759,0.9274,Positive
â¤ï¸,â¤ï¸,0.0,1.0,0.0,0.0,Neutral
This could have been a grill cheese,This could have been a grill cheese,0.0,1.0,0.0,0.0,Neutral
This could have been a grill cheese @cheftyler,This could have been a grill cheese @cheftyler,0.0,1.0,0.0,0.0,Neutral
â¤ï¸,â¤ï¸,0.0,1.0,0.0,0.0,Neutral
"â¤ï¸â¤â¤
â¤â¤â¤â¤â¤â¤","â¤ï¸â¤â¤
â¤â¤â¤â¤â¤â¤",0.0,0.229,0.771,0.9887,Positive
ðŸ˜‚ha,ðŸ˜‚ha,0.322,0.678,0.0,-0.2263,Negative
ðŸ˜¢,ðŸ˜¢,0.756,0.244,0.0,-0.4767,Negative
â¤ï¸,â¤ï¸,0.0,1.0,0.0,0.0,Neutral
Is it on Netflix? I wanna watch it again,Is it on Netflix? I wanna watch it again,0.0,1.0,0.0,0.0,Neutral
Excellent movie... heartiest congratulations to the entire team for making such a wonderful movie!!!...,Excellent movie... heartiest congratulations to the entire team for making such a wonderful movie!!!!â¤,0.0,0.419,0.581,0.9563,Positive
SWAN,SWAN,0.0,1.0,0.0,0.0,Neutral
Ahh I just saw it in the theater! So good amazing movie,Ahh I just saw it in the theater! So good amazing movie,0.0,0.552,0.448,0.8447,Positive
Me watching this trailer while I watched the actual movie just yesterday,Me watching this trailer while I watched the actual movie just yesterday,0.0,1.0,0.0,0.0,Neutral
ðŸ”¥ðŸ”¥ðŸðŸŽ¬ðŸ˜ŽðŸŽ¬ðŸðŸ”¥ðŸ”¥Saw the Chicago premiere tonight and it was amazing.,ðŸ”¥ðŸ”¥ðŸðŸŽ¬ðŸ˜ŽðŸŽ¬ðŸðŸ”¥ðŸ”¥Saw the Chicago premiere tonight and it was amazing.,0.218,0.576,0.206,0.1531,Positive
Type type,Type type,0.0,1.0,0.0,0.0,Neutral
Awesome film of the year,Awesome film of the year,0.0,0.494,0.506,0.6249,Positive
Tate McRaes new song is in there tooooooo ahhhhh,Tate McRaes new song is in there tooooooo ahhhhh,0.0,1.0,0.0,0.0,Neutral
This movie will be emotions,This movie will be emotions,0.0,1.0,0.0,0.0,Neutral
Ok but why does every Apple Original Film EXCEPT TETRIS get a theatrical run,Ok but why does every Apple Original Film EXCEPT TETRIS get a theatrical run,0.0,0.725,0.275,0.5499,Positive
"You got this , don't mess this up ,people will come to warner bros studios with pichforks if you do","You got this , don't mess this up ,people will come to warner bros studios with pichforks if you do",0.0,0.9,0.1,0.2755,Positive
"JoaquinðŸ‘¦ðŸ»: coyote vs acme the movie, looney tunes in back action 2 the movie, looney tunes in Peru ðŸ‡µ...","JoaquinðŸ‘¦ðŸ»: coyote vs acme the movie, looney tunes in back action 2 the movie, looney tunes in Peru ðŸ‡µðŸ‡ª the movie, Peru vs acme the movie.",0.0,1.0,0.0,0.0,Neutral
Fast & Furious ?,Fast & Furious ?,0.552,0.448,0.0,-0.5719,Negative
Warner bros â¤â¤,Warner bros â¤â¤,0.0,0.323,0.677,0.8555,Positive
Can anybody tell why WBD is making spectacular films lately? Great films are rampanting in the libra...,Can anybody tell why WBD is making spectacular films lately? Great films are rampanting in the library of WBD. â¤ Keep it up. â¤,0.0,0.648,0.352,0.926,Positive
"ðŸ‡¬ðŸ‡· Î•Î§Î© Î•Î¡Î“Î‘Î¡Î•Î£ Î‘Î¡Î™Î£Î¤ÎŸÎ¥Î¡Î“Î—ÎœÎ‘Î¤Î‘ Î“Î™Î‘ ÎšÎ™ÎÎ—ÎœÎ‘Î¤ÎŸÎ“Î¡Î‘Î¦ÎŸ,Î’Î™ÎÎ¤Î•ÎŸÎ“ÎšÎ•Î—ÎœÎ£ ÎšÎ›Î !!!ðŸ‡¬ðŸ‡·","ðŸ‡¬ðŸ‡· Î•Î§Î© Î•Î¡Î“Î‘Î¡Î•Î£ Î‘Î¡Î™Î£Î¤ÎŸÎ¥Î¡Î“Î—ÎœÎ‘Î¤Î‘ Î“Î™Î‘ ÎšÎ™ÎÎ—ÎœÎ‘Î¤ÎŸÎ“Î¡Î‘Î¦ÎŸ,Î’Î™ÎÎ¤Î•ÎŸÎ“ÎšÎ•Î—ÎœÎ£ ÎšÎ›Î !!!ðŸ‡¬ðŸ‡·",0.0,1.0,0.0,0.0,Neutral
Im there,Im there,0.0,1.0,0.0,0.0,Neutral
ðŸ™‹â€â™‚ï¸,ðŸ™‹â€â™‚ï¸,0.0,1.0,0.0,0.0,Neutral
Any relation to Elba Idris?  ðŸ˜œ,Any relation to Elba Idris?  ðŸ˜œ,0.0,1.0,0.0,0.0,Neutral
ðŸ‘ðŸ‘ðŸ‘ðŸ‘,ðŸ‘ðŸ‘ðŸ‘ðŸ‘,0.0,1.0,0.0,0.0,Neutral
ðŸ”¥ðŸ‘ðŸ¼,ðŸ”¥ðŸ‘ðŸ¼,0.324,0.676,0.0,-0.34,Negative
Please Submit a New Short Video from A Minecraft Movie,Please Submit a New Short Video from A Minecraft Movie,0.0,0.796,0.204,0.3182,Positive
Oscar Nominees for the Best Picture Oscar!,Oscar Nominees for the Best Picture Oscar!,0.0,0.572,0.428,0.6696,Positive
"looks like a remake of the movie "" Driven "" with Silvester Stallone.. what is with Hollywood's obses...","looks like a remake of the movie "" Driven "" with Silvester Stallone.. what is with Hollywood's obsession of doing nothing but remakes? and not even good remakes, most of the time it is nothing more than a race or gender swap, with a couple lines changed to make them seem more modern.",0.085,0.884,0.031,-0.4694,Negative
Typical Hollywood rubbish. Biggest load of BS. Honestly how do people write this rubbish and then cl...,Typical Hollywood rubbish. Biggest load of BS. Honestly how do people write this rubbish and then claim it to be a realistic film.,0.0,0.88,0.12,0.4588,Positive
"Kfund Kentucky the Westwood Sidewalks can not understand the pittstUR way of life in Hollywood 

Eac...","Kfund Kentucky the Westwood Sidewalks can not understand the pittstUR way of life in Hollywood 

Each and all those movies positions were permanent vacancies only dead office ghouls don't film and or youtube well",0.112,0.833,0.055,-0.4939,Negative
The relationship between a man and a machine is  absolutely stunning in this movie!! Loved it!,The relationship between a man and a machine is  absolutely stunning in this movie!! Loved it!,0.0,0.646,0.354,0.8257,Positive
"What, an African Tribesman F1 Driver? Someone had to say it. ðŸ˜› And Yes, Hamilton is Half Euro!. Was ...","What, an African Tribesman F1 Driver? Someone had to say it. ðŸ˜› And Yes, Hamilton is Half Euro!. Was it a good movie? Mr. Pitt is about 30 years too old.......",0.0,0.832,0.168,0.7393,Positive
Anyone here after it got nominated for Best Picture?,Anyone here after it got nominated for Best Picture?,0.0,0.656,0.344,0.6369,Positive
"This movie just got 4 Oscar nominations ðŸŽ‰
Including Best picture","This movie just got 4 Oscar nominations ðŸŽ‰
Including Best picture",0.0,0.592,0.408,0.7845,Positive
How tf did this get a Best Picture nomination?,How tf did this get a Best Picture nomination?,0.0,0.656,0.344,0.6369,Positive
I love how immersive this feels,I love how immersive this feels,0.0,0.543,0.457,0.6369,Positive
It's really a good movie!,It's really a good movie!,0.0,0.535,0.465,0.5378,Positive
Excelente trailer,Excelente trailer,0.0,1.0,0.0,0.0,Neutral
I just watched it last night.  It was enjoyable. It makes me curious how realistic some o the racing...,"I just watched it last night.  It was enjoyable. It makes me curious how realistic some o the racing strategies were.  Also, I kept thinking Juno Temple (Ted Lasso) would have been a great casting for Kate McKenna's character.",0.0,0.795,0.205,0.8519,Positive
Tried across psrade did slfrd flags wrong colors bstldhio fslsevide flagedd,Tried across psrade did slfrd flags wrong colors bstldhio fslsevide flagedd,0.237,0.763,0.0,-0.4767,Negative
Good  D.E.I.,Good  D.E.I.,0.0,0.256,0.744,0.4404,Positive
Shisbtz. Phiesck since uh oh dcreee bsketibgd,Shisbtz. Phiesck since uh oh dcreee bsketibgd,0.0,1.0,0.0,0.0,Neutral
Oh made uo heasck hiolswrll oh kste Mrs phebkivk vksd oh,Oh made uo heasck hiolswrll oh kste Mrs phebkivk vksd oh,0.0,1.0,0.0,0.0,Neutral
Criom crunchers,Criom crunchers,0.0,1.0,0.0,0.0,Neutral
Probably the best movie I've seen in a decade.,Probably the best movie I've seen in a decade.,0.0,0.656,0.344,0.6369,Positive
"Utter sâ€¦t 
ðŸ‘Ž","Utter sâ€¦t 
ðŸ‘Ž",0.0,1.0,0.0,0.0,Neutral
"Sonny got called ""Professor"" so he is based on Alain Prost","Sonny got called ""Professor"" so he is based on Alain Prost",0.0,1.0,0.0,0.0,Neutral
Revisiting this masterpiece in 2026â¤,Revisiting this masterpiece in 2026â¤,0.0,0.376,0.624,0.8519,Positive
"This movie was AWESOME, very aesthetically pleasing in the way it was shot, cut and edited, the musi...","This movie was AWESOME, very aesthetically pleasing in the way it was shot, cut and edited, the music as well. I understand the story is not anything new but for a sports movie it was good enough, I don't know why the critics where so harsh with the ratings.

I wish I had watched this on cinema fml",0.119,0.686,0.195,0.6774,Positive
"BRAD PITT HAS NO FLOPS: HE HAS CHURNED HIT AFTER HITS AND IT IS NOT EVEN CLOSE!
OCEANS 1,2,3,BIG SHO...","BRAD PITT HAS NO FLOPS: HE HAS CHURNED HIT AFTER HITS AND IT IS NOT EVEN CLOSE!
OCEANS 1,2,3,BIG SHORT,ONCE UPON A TIME IN HOLLYWOOD, FIGHT CLUB,SEVEN, BENJAMAN BUTTON,MR AND MRS SMITH,FURY, WORLD WAR Z, BULLET TRAIN, HE HAD HITS IN EVEN MEET JOE AND MANY MANY MORE: THAT JOMBIE WITH TOM CRUISE.
ALL SUPERSTARS HAD FLOPS GALORE NOT BRAD PITT!
INCREDIBLE!",0.14,0.831,0.029,-0.829,Negative
Loveeed how real this movie felt I cried at the end â¤,Loveeed how real this movie felt I cried at the end â¤,0.146,0.618,0.236,0.3818,Positive
"Just wondering where Sonny Hayes got the 40 Super Licence points from, to even qualify to compete in...","Just wondering where Sonny Hayes got the 40 Super Licence points from, to even qualify to compete in F1?",0.0,0.822,0.178,0.5994,Positive
Trailer didnâ€™t explain these guys were on the same team. Thought they were opponents. Maybe woulda s...,Trailer didnâ€™t explain these guys were on the same team. Thought they were opponents. Maybe woulda seen in theaters if I understood plot,0.0,1.0,0.0,0.0,Neutral
"An aging once-promising athlete, whose early career was sidelined by injury, joins a failing team ab...","An aging once-promising athlete, whose early career was sidelined by injury, joins a failing team about to be sold only to bring hope and ultimately success to it.
In other words, a remake of ""The Natural"" with Robert Redford!",0.123,0.687,0.19,0.5093,Positive
Good movie. Just saw it ðŸ‘ðŸ½,Good movie. Just saw it ðŸ‘ðŸ½,0.0,0.756,0.244,0.4404,Positive
This movie used now one of my top ten favs!!! ðŸŽ‰â¤â¤ðŸŽ‰â¤,This movie used now one of my top ten favs!!! ðŸŽ‰â¤â¤ðŸŽ‰â¤,0.0,0.404,0.596,0.9669,Positive
We need a second movie,We need a second movie,0.0,1.0,0.0,0.0,Neutral
"Today, We Get to Say, We're the Best In The World!","Today, We Get to Say, We're the Best In The World!",0.0,0.69,0.31,0.6696,Positive
This is Brad Pitt . . . might be thumbs down for reality but taking this movie seriously is not the ...,This is Brad Pitt . . . might be thumbs down for reality but taking this movie seriously is not the question . . . he's The Man,0.071,0.929,0.0,-0.2617,Negative
Welcome too hollywood miko suavey travis scott tyshawn webb myshawn webb,Welcome too hollywood miko suavey travis scott tyshawn webb myshawn webb,0.0,0.769,0.231,0.4588,Positive
"So many mistakes in this movie for anyone that is a fan of F1......you can't jump in a F1 car, you n...","So many mistakes in this movie for anyone that is a fan of F1......you can't jump in a F1 car, you need to have a seat formed to your body....you can't race on slicks in that much rain....you can't block in F1.....you can't spin in F1 and still run competitive speeds.....you can't run the Baja 1000 after significant back injuries in F1.....etc., etc., etc. They needed a better F1 consultant.",0.036,0.822,0.143,0.7452,Positive
×ž×“×™× ×—×“×©×™× ×œ×¦×‘× ×”××ž×¨×™×§× ×™ × ×•×—×™× ×•× ×¢×™×ž×™× ×‘×¢×™×¦×•×‘ ×§×œ×•×•×™×Ÿ ×§×œ×™×™×Ÿ ×”×¤×“×•×¤×™×œ×™× ×‘×©×•×•×™ ×ž××•×ª×ª×ž×™×œ×™××¨×“×™× ×œ×¦×‘× ×•×ž×©×˜×¨...,"×ž×“×™× ×—×“×©×™× ×œ×¦×‘× ×”××ž×¨×™×§× ×™ × ×•×—×™× ×•× ×¢×™×ž×™× ×‘×¢×™×¦×•×‘ ×§×œ×•×•×™×Ÿ ×§×œ×™×™×Ÿ ×”×¤×“×•×¤×™×œ×™× ×‘×©×•×•×™ ×ž××•×ª×ª×ž×™×œ×™××¨×“×™× ×œ×¦×‘× ×•×ž×©×˜×¨×”×”××ž×¨×™×§× ×™×ª ×•×¢×•×‘×“×™ ×ž×©×ž×¨ ×”×’×‘×•×œ ×¢ ×©× ×¤×ª×— ×Ÿ×ž×¡×’×¨ ×ž×œ×ž×¢×œ×”.×›×•×œ ×ª×—×ª×•× ×™× ×•× ×¢×œ×™×™× ×‘×©×•×•×™ ×ž××•×ª ×ž×™×œ×™××¨×“×™× ×ª× ×¤×™×§×• ××’""×—.",0.0,1.0,0.0,0.0,Neutral
When I first saw the advertisements for the F1 movie I knew I had to watch it. I personally am not t...,"When I first saw the advertisements for the F1 movie I knew I had to watch it. I personally am not too into the sport, but the immersive visuals hooked me. At the start, you are introduced to Sonny Hayes, a man whose career almost ended in a brutal crash. Throughout the entire movie, this crash seems to be haunting him, even being the reason as to why he left the sport in the first place. Heâ€™s portrayed by Brad Pitt, who I know mostly for his roles as David Mills on Se7en and Tyler Durden on Fight Club. A couple months before I saw the F1 movie, I saw Se7en so I already had high expectations for the F1 movie. Anyway, he goes on to win the 24 Hours of Daytona and meets with his former teammate and close friend, Ruben Cervantes. His friend recruits him into his currently failing team known as APXGP, where he meets Joshua Pearce, a young rising star in the F1 scene. Pearce is played by Damson Idris, a person widely known for their role as Franklin Saint on Snowfall. Throughout the entire story, these two are our main characters. 
	Sonny Hayes' whole role in the entire movie is to be a mentor for Pearce. And thatâ€™s exactly what he does. One thing that I loved about Sonny was his calmness compared to Joshua. While Joshua is kind of like a hot head, Hayes keeps his cool in almost every situation. They are essentially the opposites of each other. Also, the evolution of their relationship is something that I thought was great. They begin with having a sort of rivalry and high egos; though, most of this is just Joshua. Thus, as the story progresses more, Joshua starts to kind of understand Hayes and they both create a mutual respect for each other and think of the team first rather than their own selves. In the end, one of the main points of the movie is their bond and how it grows.
	Moving on from the characters, the movieâ€™s visuals are stunning. The movie shows the competitiveness within F1 and helps viewers understand what truly happens on the track. One thing I was surprised to find out about this was that some scenes were actually shot during the Grand-Prixâ€™s. Also, the movie shows realistic racing, but this was something I expected since Lewis Hamilton was one of the producers of the movie. In my opinion, this is something that fits both casual movie watchers, and fans of F1. 
In conclusion, I think this is something that is worth watching. The characters are great, and so are the visuals. I canâ€™t say much except to just tell you to watch it. Itâ€™s a great movie which can leave you with an interest in F1. There are many great things about this movie that I didnâ€™t mention like the importance of Hayeâ€™s deck of cards. Itâ€™s a movie that will have you wondering about the next adventure of Hayes.",0.043,0.801,0.156,0.997,Positive
Great movie,Great movie,0.0,0.196,0.804,0.6249,Positive
Cut a better trailer. And make it shorter.,Cut a better trailer. And make it shorter.,0.191,0.545,0.264,0.2023,Positive
"Bradd pitt is 60 years old, how is this possible ðŸ¥¶ðŸ’€","Bradd pitt is 60 years old, how is this possible ðŸ¥¶ðŸ’€",0.0,1.0,0.0,0.0,Neutral
20 drivers 10 teams,20 drivers 10 teams,0.0,1.0,0.0,0.0,Neutral
"Brad pitt, tom cruise & leonardo dicaprio are the OG actors","Brad pitt, tom cruise & leonardo dicaprio are the OG actors",0.0,1.0,0.0,0.0,Neutral
Movi name,Movi name,0.0,1.0,0.0,0.0,Neutral
"Brad, pitt!
Yes, I am.","Brad, pitt!
Yes, I am.",0.0,0.572,0.428,0.4574,Positive
Awesome trailer. So inspirational,Awesome trailer. So inspirational,0.0,0.206,0.794,0.8268,Positive
I watch this movie in Theatre on 10th November 2025...Glad I dont miss it.,I watch this movie in Theatre on 10th November 2025...Glad I dont miss it.,0.0,0.9,0.1,0.1139,Positive
Brad PittðŸ”¥ðŸ”¥ðŸ”¥,Brad PittðŸ”¥ðŸ”¥ðŸ”¥,0.783,0.217,0.0,-0.7351,Negative
ALONE WOLF,ALONE WOLF,0.667,0.333,0.0,-0.25,Negative
Kerennn,Kerennn,0.0,1.0,0.0,0.0,Neutral
If you have iPhone you should watch this on apple tv,If you have iPhone you should watch this on apple tv,0.0,1.0,0.0,0.0,Neutral
ROSÃ‰ â¤,ROSÃ‰ â¤,0.0,0.323,0.677,0.6369,Positive
Good movie!,Good movie!,0.0,0.239,0.761,0.4926,Positive
Watched it here in Dubai with my female friend yesterday. No boring moment from start to finish. The...,Watched it here in Dubai with my female friend yesterday. No boring moment from start to finish. The movie with a heart.,0.0,0.67,0.33,0.8542,Positive
Anybody notice crish Hemsworth in movie?,Anybody notice crish Hemsworth in movie?,0.0,1.0,0.0,0.0,Neutral
Grand turismo and F1   favorite race car movie,Grand turismo and F1   favorite race car movie,0.0,0.5,0.5,0.7184,Positive
"Its been a while since i watched a great movie, really i enjoyed each second.","Its been a while since i watched a great movie, really i enjoyed each second.",0.0,0.629,0.371,0.8261,Positive
Ð¯ Ð´Ð°Ð²Ð½Ð¾ Ð½Ðµ Ð¸ÑÐ¿Ñ‹Ñ‚Ñ‹Ð²Ð°Ð» Ñ‚Ð°ÐºÐ¸Ñ… ÑÐ¼Ð¾Ñ†Ð¸Ð¹. Ð­Ñ‚Ð¾ Ð¿Ñ€ÐµÐºÑ€Ð°ÑÐ½Ñ‹Ð¹ Ñ„Ð¸Ð»ÑŒÐ¼.,Ð¯ Ð´Ð°Ð²Ð½Ð¾ Ð½Ðµ Ð¸ÑÐ¿Ñ‹Ñ‚Ñ‹Ð²Ð°Ð» Ñ‚Ð°ÐºÐ¸Ñ… ÑÐ¼Ð¾Ñ†Ð¸Ð¹. Ð­Ñ‚Ð¾ Ð¿Ñ€ÐµÐºÑ€Ð°ÑÐ½Ñ‹Ð¹ Ñ„Ð¸Ð»ÑŒÐ¼.,0.0,1.0,0.0,0.0,Neutral
When that woman was trying to insult Brad Pittâ€™s character by calling him a rough and tumble cowboy ...,"When that woman was trying to insult Brad Pittâ€™s character by calling him a rough and tumble cowboy what she failed to realize was that rough and tumble Cowboys get it done every single time. They might not get it done exactly how you want it done but they damn sure get it done. See also Robert Duvall in almost every single movie heâ€™s ever done. Tommy Lee Jones, and almost every single movie heâ€™s ever done. Clint Eastwood in every single movie he has ever done. Letâ€™s face it rough and tumble Cowboys get it done every single time.",0.073,0.888,0.038,-0.5789,Negative
"Very poetic indeed. Brad & Javier are unbelievably great actors. Loved every bit of this! 
*October ...","Very poetic indeed. Brad & Javier are unbelievably great actors. Loved every bit of this! 
*October 20, 2025* _11:56 p.m._",0.0,0.67,0.33,0.8705,Positive
"5/5 this movie is made for racers, football lovers don't watch it.","5/5 this movie is made for racers, football lovers don't watch it.",0.0,0.764,0.236,0.5267,Positive
This bgm reminds me Pacific Rim bgm in another tune. (Hans zimmer bgm ),This bgm reminds me Pacific Rim bgm in another tune. (Hans zimmer bgm ),0.0,1.0,0.0,0.0,Neutral
"I enjoyed this movie very much.

Greetings from Germany ðŸ¤—","I enjoyed this movie very much.

Greetings from Germany ðŸ¤—",0.0,0.466,0.534,0.8473,Positive
similar to driven lmfao,similar to driven lmfao,0.0,0.462,0.538,0.5423,Positive
"This is literally not a sport, how can clowns say this is the best sports movie of all time? lmfao","This is literally not a sport, how can clowns say this is the best sports movie of all time? lmfao",0.0,0.7,0.3,0.8271,Positive
Looks like Driven with Sylvester Stallone,Looks like Driven with Sylvester Stallone,0.0,0.667,0.333,0.3612,Positive
"So, how is this different than Driven, with Stallone being the old race car driver brought back to t...","So, how is this different than Driven, with Stallone being the old race car driver brought back to teach the young driver how to win?",0.0,0.863,0.137,0.5859,Positive
This felt like watching Ted Lasso played by Brad Pitt.,This felt like watching Ted Lasso played by Brad Pitt.,0.0,0.62,0.38,0.5994,Positive
What if they Re-release it !!!,What if they Re-release it !!!,0.0,1.0,0.0,0.0,Neutral
The movie 'Faster' is way better imo,The movie 'Faster' is way better imo,0.0,0.674,0.326,0.4404,Positive
Thank you Brad Pitt â¤,Thank you Brad Pitt â¤,0.0,0.374,0.626,0.7717,Positive
From 1999,From 1999,0.0,1.0,0.0,0.0,Neutral
â¤,â¤,0.0,0.192,0.808,0.6369,Positive
Demon Slayer: Kimetsu no YaibaðŸ˜‚,Demon Slayer: Kimetsu no YaibaðŸ˜‚,0.275,0.47,0.255,0.1779,Positive
One of the best movies I ever watch,One of the best movies I ever watch,0.0,0.625,0.375,0.6369,Positive
The real one is ajith,The real one is ajith,0.0,1.0,0.0,0.0,Neutral
Masterpiece â¤,Masterpiece â¤,0.0,0.108,0.892,0.8519,Positive
Ohhh my God just finished this movie and I must say this is one of those movies that has the ability...,Ohhh my God just finished this movie and I must say this is one of those movies that has the ability to change ones life forever fr,0.0,0.85,0.15,0.5267,Positive
"The movie is great, but this is the best trailer in the 2020s Iâ€™ve ever seen.","The movie is great, but this is the best trailer in the 2020s Iâ€™ve ever seen.",0.0,0.626,0.374,0.8537,Positive
"Brad Pitt is in this movie, I know it is going to be good, I forgot to go to the theatre and I reall...","Brad Pitt is in this movie, I know it is going to be good, I forgot to go to the theatre and I really regret it, love Brad Pitt! Stay safe, stay healthy!",0.069,0.627,0.303,0.8874,Positive
"mkay, i watched this, its not a boring racing movie. im surprized how much i liked it. i guess Apple...","mkay, i watched this, its not a boring racing movie. im surprized how much i liked it. i guess Apple being involved should have given it away that its not gonna be boring.
its layered(you get what i mean when you watch it). its like back when movies didn't waste your time being preachy like today movies.",0.0,0.784,0.216,0.9013,Positive
I watched this movie more than 5 times today is my 6th timeâ€¦â€¦,I watched this movie more than 5 times today is my 6th timeâ€¦â€¦,0.0,1.0,0.0,0.0,Neutral
This New F1 Film Looks Fantastic I can't Wait To Warch It ðŸ˜ƒðŸš˜,This New F1 Film Looks Fantastic I can't Wait To Warch It ðŸ˜ƒðŸš˜,0.0,0.736,0.264,0.7269,Positive
The most unbelievable part of this movie was that Stroll wasn't last.,The most unbelievable part of this movie was that Stroll wasn't last.,0.0,0.84,0.16,0.2716,Positive
Really good jobs...,Really good jobs...,0.0,0.385,0.615,0.4927,Positive
Hey its Tyler Durden,Hey its Tyler Durden,0.0,1.0,0.0,0.0,Neutral
India ðŸ‡®ðŸ‡³  Indian fan,India ðŸ‡®ðŸ‡³  Indian fan,0.0,0.566,0.434,0.3182,Positive
we will see what porsche says about daytona racing styles tynan hyundia,we will see what porsche says about daytona racing styles tynan hyundia,0.0,1.0,0.0,0.0,Neutral
Amazing Trailer ðŸ—¿,Amazing Trailer ðŸ—¿,0.0,0.345,0.655,0.5859,Positive
This Lightning McQueen live action movie looks insane!,This Lightning McQueen live action movie looks insane!,0.299,0.701,0.0,-0.4574,Negative
For some reason I really wanted to see what card it was.,For some reason I really wanted to see what card it was.,0.0,1.0,0.0,0.0,Neutral
F1Â®  The MOvie,F1Â®  The MOvie,0.0,1.0,0.0,0.0,Neutral
Just finished watching the movie. Magnificent movie. Masterpiece.,Just finished watching the movie. Magnificent movie. Masterpiece.,0.0,0.429,0.571,0.8402,Positive
This one was good.,This one was good.,0.0,0.508,0.492,0.4404,Positive
Best. Trailer. Ever. WOW I've watched this film about 12 times now. And this trailer still delivers ...,Best. Trailer. Ever. WOW I've watched this film about 12 times now. And this trailer still delivers the feels! The ramp up twice is so good! It builds then settles then builds again on another tempo ðŸ˜®ðŸ˜Š,0.0,0.677,0.323,0.9641,Positive
Excellent movies,Excellent movies,0.0,0.213,0.787,0.5719,Positive
Does anyone know the name of the track at the very beginning? The composer is clearly hanz zimmer. T...,Does anyone know the name of the track at the very beginning? The composer is clearly hanz zimmer. Thank you in advance,0.0,0.794,0.206,0.6369,Positive
Amazing movie,Amazing movie,0.0,0.208,0.792,0.5859,Positive
Very good movie. ðŸ‘Œ,Very good movie. ðŸ‘Œ,0.0,0.173,0.827,0.8621,Positive
"Not being a particular Formula 1 fan, I didn't focus on the aesthetic boldness of director Joseph Ko...","Not being a particular Formula 1 fan, I didn't focus on the aesthetic boldness of director Joseph Kosinski. So I set aside any comparisons with the harsh realities of this world.
And I'm glad I did, because I loved this blockbuster. Admittedly, the storyline is somewhat farcical, with the sixty-year-old man called in to save a team in total decline. It's a bit like Jackie Stewart, having become a team manager, calling Jacky Ickx back in 2000 to do battle with Schumacher and HÃ¤kkinen.
But it's cinema, so it doesn't matter, right? Especially since the racing scenes are impressive. I didn't notice the time passing, and the film still lasts 2 hours and 35 minutes. And then there's the music by Hans Zimmer, of course.
I honestly had a good laugh. Javier Bardem is exquisite as usual, Damson Idris has a beautiful smile, little Kerry Condon is delicious as can be and Brad Pitt is still as cool as ever... ""Who said anything about safe ?"" ðŸ˜‰",0.025,0.721,0.254,0.9937,Positive
Must watch movie,Must watch movie,0.0,1.0,0.0,0.0,Neutral
Brad ask..? WHATS IN THA...BOX....?,Brad ask..? WHATS IN THA...BOX....?,0.0,1.0,0.0,0.0,Neutral
Super of the Machines 3 (1999),Super of the Machines 3 (1999),0.0,0.562,0.438,0.5994,Positive
Cinematography top notch and brad pit is ageing like fine wine ðŸ˜…,Cinematography top notch and brad pit is ageing like fine wine ðŸ˜…,0.0,0.561,0.439,0.765,Positive
"I never cared about f1 racing but Pitt makes anything so awsome, awsome movie!!!","I never cared about f1 racing but Pitt makes anything so awsome, awsome movie!!!",0.164,0.836,0.0,-0.3699,Negative
Brain Power,Brain Power,0.0,1.0,0.0,0.0,Neutral
Loveyou jindappi â¤,Loveyou jindappi â¤,0.0,0.417,0.583,0.6369,Positive
"Ghanta 


























ðŸ¤ž? mmmm
. ðŸ¤žNhdggjfuozdxvfyzhdxgknðŸ¥³ðŸ±âœŒâœŒðŸ’•
. 

ðŸ¤žðŸ˜˜






M
â¤ laura","Ghanta 


























ðŸ¤ž? mmmm
. ðŸ¤žNhdggjfuozdxvfyzhdxgknðŸ¥³ðŸ±âœŒâœŒðŸ’•
. 

ðŸ¤žðŸ˜˜






M
â¤ laura",0.0,0.52,0.48,0.9652,Positive
"1> not bad, the end is kindda exciting 
2> but confusing plot -- be honest, i dont get it what he me...","1> not bad, the end is kindda exciting 
2> but confusing plot -- be honest, i dont get it what he mean losing is winning
3> Ford v Ferrari is better movie than this, slightly  better",0.106,0.518,0.376,0.9391,Positive
Just saw it for first time. WHAT AN AWESOME MOVIE. Would have loved it on IMAX.,Just saw it for first time. WHAT AN AWESOME MOVIE. Would have loved it on IMAX.,0.0,0.616,0.384,0.8668,Positive
Saw F1 in IMAX loved every second of this movie!,Saw F1 in IMAX loved every second of this movie!,0.0,0.682,0.318,0.636,Positive
"Three laps is a lifetime. 
Am I ready?","Three laps is a lifetime. 
Am I ready?",0.0,0.737,0.263,0.3612,Positive
"Going to watch, this weekend! ðŸŽ","Going to watch, this weekend! ðŸŽ",0.0,1.0,0.0,0.0,Neutral
Tamil remake with AJITH KUMAR ðŸ”¥ ðŸ˜Ž,Tamil remake with AJITH KUMAR ðŸ”¥ ðŸ˜Ž,0.179,0.597,0.224,0.1531,Positive
"I watched the movie in IMAX last week, absolutely loved it.
This trailer is ðŸ”¥ðŸ”¥ðŸ”¥...I watched it now f...","I watched the movie in IMAX last week, absolutely loved it.
This trailer is ðŸ”¥ðŸ”¥ðŸ”¥...I watched it now first time...
I will watch the movie again in 4DX ;)",0.127,0.713,0.161,0.3167,Positive
Watched the movie 2 times already thatâ€™s how good this movie is,Watched the movie 2 times already thatâ€™s how good this movie is,0.0,0.791,0.209,0.4404,Positive
one of the best movies of recent times...   ðŸ”¥ðŸ”¥ðŸ”¥ðŸ”¥,one of the best movies of recent times...   ðŸ”¥ðŸ”¥ðŸ”¥ðŸ”¥,0.462,0.337,0.202,-0.5267,Negative
The coolest movie! Thank you,The coolest movie! Thank you,0.0,0.589,0.411,0.4199,Positive
This is the exact same movie as Driven!,This is the exact same movie as Driven!,0.0,1.0,0.0,0.0,Neutral
Looks good but not better than the Gran Turismo movie,Looks good but not better than the Gran Turismo movie,0.238,0.613,0.149,-0.2867,Negative
This film ðŸ“ˆ,This film ðŸ“ˆ,0.0,1.0,0.0,0.0,Neutral
â¤â€ðŸ”¥,â¤â€ðŸ”¥,0.545,0.455,0.0,-0.34,Negative
That scene where the technical team are,That scene where the technical team are,0.0,1.0,0.0,0.0,Neutral
I feel Sonny Hayes character is written by Flavio Briatore ðŸ˜‚,I feel Sonny Hayes character is written by Flavio Briatore ðŸ˜‚,0.102,0.695,0.203,0.4404,Positive
The best movie! Brad Pitt ðŸŽ‰ 100% what people need to watch - American dream !,The best movie! Brad Pitt ðŸŽ‰ 100% what people need to watch - American dream !,0.0,0.596,0.404,0.8585,Positive
My Gooooodness such a dope movie,My Gooooodness such a dope movie,0.0,1.0,0.0,0.0,Neutral
THIS IS SOOOO GOOD,THIS IS SOOOO GOOD,0.0,0.508,0.492,0.4404,Positive
Fantastic movie. Thank you Warner Bros!,Fantastic movie. Thank you Warner Bros!,0.0,0.385,0.615,0.75,Positive
Trailer: 10/10 Movie: 99/10,Trailer: 10/10 Movie: 99/10,0.0,1.0,0.0,0.0,Neutral
"The fact that REAL commentators, REAL drivers, REAL everything was used....makes thos film entirely ...","The fact that REAL commentators, REAL drivers, REAL everything was used....makes thos film entirely authentic ðŸ‘Œ ðŸ‘ ðŸ™Œ",0.0,0.74,0.26,0.7701,Positive
AK â¤ Ajithkumar fanâœ¨,AK â¤ Ajithkumar fanâœ¨,0.0,0.254,0.746,0.8316,Positive
Was comparing this with gran tourismo,Was comparing this with gran tourismo,0.0,1.0,0.0,0.0,Neutral
The only Movie i didn't skip or fast forward.,The only Movie i didn't skip or fast forward.,0.0,1.0,0.0,0.0,Neutral
Alone ðŸº â™¥ï¸âœ¨,Alone ðŸº â™¥ï¸âœ¨,0.174,0.261,0.565,0.6705,Positive
Ts fire afðŸ˜­,Ts fire afðŸ˜­,0.579,0.421,0.0,-0.6705,Negative
From 'No country for old men' to 'A championship for old men'.,From 'No country for old men' to 'A championship for old men'.,0.0,0.791,0.209,0.4404,Positive
Best film of this year,Best film of this year,0.0,0.488,0.512,0.6369,Positive
ðŸ”¥ðŸ”¥ðŸ”¥,ðŸ”¥ðŸ”¥ðŸ”¥,1.0,0.0,0.0,-0.7351,Negative
"Best movie av seen in ages way better than the new fast and furious movies ,good storyline and the a...","Best movie av seen in ages way better than the new fast and furious movies ,good storyline and the actors executed the roles perfectly",0.1,0.515,0.385,0.8885,Positive
"JP ""We did it""
Hayes ""yeah we did""

MeðŸ˜¢ðŸ˜¥ðŸ˜¢","JP ""We did it""
Hayes ""yeah we did""

MeðŸ˜¢ðŸ˜¥ðŸ˜¢",0.317,0.423,0.26,-0.3577,Negative
So this is what franklin does when he leaves L.A,So this is what franklin does when he leaves L.A,0.0,1.0,0.0,0.0,Neutral
this movie was a 10/10 absolutely amazing movieðŸ’¯,this movie was a 10/10 absolutely amazing movieðŸ’¯,0.0,0.687,0.313,0.624,Positive
This tactics in F1 is like Atltico Madrid tactics in football.  That sux i don't agree with this typ...,This tactics in F1 is like Atltico Madrid tactics in football.  That sux i don't agree with this type of behaviour in sports .,0.164,0.747,0.089,-0.2755,Negative
Great choice of song!!! ðŸŽ‰,Great choice of song!!! ðŸŽ‰,0.0,0.343,0.657,0.826,Positive
Not worth all the hype..,Not worth all the hype..,0.294,0.706,0.0,-0.1695,Negative
"F1 The Movie, my favorite racing movie after Le Mans 1971.ðŸ‘","F1 The Movie, my favorite racing movie after Le Mans 1971.ðŸ‘",0.0,0.8,0.2,0.4588,Positive
Repackaging livestreams into themed cuts creates evergreen material,Repackaging livestreams into themed cuts creates evergreen material,0.214,0.583,0.204,-0.0258,Neutral
"*Brad Pitt*
The man who can beat Bruce Lee and can overtake Ayrton SennaðŸ™„","*Brad Pitt*
The man who can beat Bruce Lee and can overtake Ayrton SennaðŸ™„",0.0,1.0,0.0,0.0,Neutral
I was not a fan of f1 or any racing sport but after watching this movie I became,I was not a fan of f1 or any racing sport but after watching this movie I became,0.08,0.92,0.0,-0.1232,Negative
NO! I need watch this again because I never expected it to be that good! OMG! What a movie man â€¦. Br...,NO! I need watch this again because I never expected it to be that good! OMG! What a movie man â€¦. Brad Pitt is such a great actor! I would rate this a solid 9/10 ðŸ”¥ðŸ”¥ðŸ”¥ðŸ”¥,0.21,0.623,0.167,0.2887,Positive
That was insane!,That was insane!,0.599,0.401,0.0,-0.4574,Negative
"This movie needed a travis scott music during the race

Watched the movie 2 times, saying by superio...","This movie needed a travis scott music during the race

Watched the movie 2 times, saying by superior music taste ðŸ˜‚ and experience â¤ðŸ˜Š",0.04,0.591,0.369,0.9485,Positive
"You are making a movie about it, and here in the Czech Republic we normally drive a Formula car on t...","You are making a movie about it, and here in the Czech Republic we normally drive a Formula car on the highway.",0.0,1.0,0.0,0.0,Neutral
"It was beautiful, enjoyed every bit of it...
Rewatched it a few times, but still can't get enough of...","It was beautiful, enjoyed every bit of it...
Rewatched it a few times, but still can't get enough of this movie.",0.0,0.805,0.195,0.5574,Positive
Brad pitt looks like he is in his 30s,Brad pitt looks like he is in his 30s,0.0,0.762,0.238,0.3612,Positive
It was outstanding,It was outstanding,0.0,0.333,0.667,0.6124,Positive
Music from Hans Zimmer ðŸŽ‰ðŸŽ‰ always gives goosebumps ðŸ˜®,Music from Hans Zimmer ðŸŽ‰ðŸŽ‰ always gives goosebumps ðŸ˜®,0.0,0.707,0.293,0.6597,Positive
Looks like MSC on his car - that used to be Michael Schumacher's abbreviationðŸ˜®,Looks like MSC on his car - that used to be Michael Schumacher's abbreviationðŸ˜®,0.0,0.872,0.128,0.3612,Positive
This movie(artwork)is what Drive to Survive was supposed to be,This movie(artwork)is what Drive to Survive was supposed to be,0.0,1.0,0.0,0.0,Neutral
"watched it yesterday , omg this is movie of year 10/10 !","watched it yesterday , omg this is movie of year 10/10 !",0.0,1.0,0.0,0.0,Neutral
Just watched in telugu dubb its only ðŸ’¥ðŸ’¥ðŸ’¥ðŸ’¥ðŸ’¥,Just watched in telugu dubb its only ðŸ’¥ðŸ’¥ðŸ’¥ðŸ’¥ðŸ’¥,0.641,0.359,0.0,-0.8885,Negative
"I just watch this movie, his role was not perfect seems they scripted as per his age. Good movie and...","I just watch this movie, his role was not perfect seems they scripted as per his age. Good movie and on top it is completely F1 something like you watch in Netflix F1 season. Nice ðŸ‘ and the",0.063,0.719,0.217,0.7404,Positive
Incredible!,Incredible!,0.0,1.0,0.0,0.0,Neutral
Thala Ajith â™¥ï¸,Thala Ajith â™¥ï¸,0.0,0.417,0.583,0.6369,Positive
I saw the movie today and was totally thrilled after watching the movie. Thank God I watched this mo...,I saw the movie today and was totally thrilled after watching the movie. Thank God I watched this movie in the theater.,0.0,0.709,0.291,0.7778,Positive
And its far better than new superman,And its far better than new superman,0.0,0.674,0.326,0.4404,Positive
"Loved it
Watched it again on apple tv i think the coloring is different on appletv","Loved it
Watched it again on apple tv i think the coloring is different on appletv",0.0,0.794,0.206,0.5994,Positive
"This movie was a wild ride, really liked it.","This movie was a wild ride, really liked it.",0.0,0.721,0.279,0.4754,Positive
"If they had made Brad Finnish rather than American, this movie would make a bit more sense.","If they had made Brad Finnish rather than American, this movie would make a bit more sense.",0.0,1.0,0.0,0.0,Neutral
Nice ðŸ˜ŠðŸ˜ŠðŸ”¥ðŸ”¥,Nice ðŸ˜ŠðŸ˜ŠðŸ”¥ðŸ”¥,0.187,0.234,0.578,0.875,Positive
ðŸ˜²ðŸ˜²ðŸ˜±ðŸ˜²ðŸ˜²ðŸ˜±ðŸ˜±ðŸ˜²,ðŸ˜²ðŸ˜²ðŸ˜±ðŸ˜²ðŸ˜²ðŸ˜±ðŸ˜±ðŸ˜²,0.42,0.266,0.314,-0.6597,Negative
I wish I had Brad Pittâ€™s hair and he is double my age.ðŸ˜‚ðŸ˜‚,I wish I had Brad Pittâ€™s hair and he is double my age.ðŸ˜‚ðŸ˜‚,0.118,0.561,0.321,0.8176,Positive
Not even close to Rush: James Hunt vs Niki Lauda,Not even close to Rush: James Hunt vs Niki Lauda,0.0,1.0,0.0,0.0,Neutral
60sðŸ‘ŒðŸ‘ŒðŸ‘ŒðŸ‘Œ,60sðŸ‘ŒðŸ‘ŒðŸ‘ŒðŸ‘Œ,0.0,0.039,0.961,0.9736,Positive
This was a very good movie,This was a very good movie,0.0,0.61,0.39,0.4927,Positive
only man that can beat max verstappen at his prime lolðŸ˜‚ðŸ˜‚ðŸ˜‚,only man that can beat max verstappen at his prime lolðŸ˜‚ðŸ˜‚ðŸ˜‚,0.147,0.488,0.365,0.8885,Positive
"Brilliant movie...
just watched this for Brad pitt 
23 Aug 2025","Brilliant movie...
just watched this for Brad pitt 
23 Aug 2025",0.0,0.725,0.275,0.5859,Positive
This is a legit power house movie.,This is a legit power house movie.,0.0,1.0,0.0,0.0,Neutral
finally something worth to wait & watch,finally something worth to wait & watch,0.0,0.759,0.241,0.2263,Positive
I love the moment he is flying,I love the moment he is flying,0.0,0.588,0.412,0.6369,Positive
"Loved it , supperbb","Loved it , supperbb",0.0,0.435,0.565,0.5994,Positive
"Just seen it , so satisfying watching it and so much fu adrenaline!!! Thank you","Just seen it , so satisfying watching it and so much fu adrenaline!!! Thank you",0.206,0.495,0.299,0.3102,Positive
exciting movie .nice 1 brad pitt,exciting movie .nice 1 brad pitt,0.0,0.4,0.6,0.7184,Positive
box,box,0.0,1.0,0.0,0.0,Neutral
LOVED it. going to watch it again rn lol,LOVED it. going to watch it again rn lol,0.0,0.485,0.515,0.8143,Positive
Rose made the song for ts,Rose made the song for ts,0.0,1.0,0.0,0.0,Neutral
Just watched. Its got nothing on rush. Million times better than driven tho,Just watched. Its got nothing on rush. Million times better than driven tho,0.0,0.805,0.195,0.4404,Positive
Yoooo,Yoooo,0.0,1.0,0.0,0.0,Neutral
ðŸŽ‰ðŸŽ‰ðŸŽ‰ðŸŽ‰,ðŸŽ‰ðŸŽ‰ðŸŽ‰ðŸŽ‰,0.0,0.27,0.73,0.8689,Positive
ðŸ˜‚ðŸŽ‰ðŸ˜¢,ðŸ˜‚ðŸŽ‰ðŸ˜¢,0.303,0.303,0.394,0.3612,Positive
I cant relate,I cant relate,0.0,1.0,0.0,0.0,Neutral
Zebra production.,Zebra production.,0.0,1.0,0.0,0.0,Neutral
Best motorsport movie!â¤,Best motorsport movie!â¤,0.0,0.257,0.743,0.8655,Positive
I didnâ€™t know I needed this until now.,I didnâ€™t know I needed this until now.,0.0,1.0,0.0,0.0,Neutral
Would love to see  Ricky Bobby vs Jean Girard racing in F1. ðŸ˜ðŸ˜ðŸ˜ðŸ˜ðŸ˜ðŸ˜ðŸ˜ðŸ˜ðŸ˜ðŸ˜ðŸ˜,Would love to see  Ricky Bobby vs Jean Girard racing in F1. ðŸ˜ðŸ˜ðŸ˜ðŸ˜ðŸ˜ðŸ˜ðŸ˜ðŸ˜ðŸ˜ðŸ˜ðŸ˜,0.0,0.597,0.403,0.9884,Positive
Loved the energy in this video.,Loved the energy in this video.,0.0,0.4,0.6,0.7184,Positive
So technically it is the story of â€˜Cars 3â€™,So technically it is the story of â€˜Cars 3â€™,0.0,1.0,0.0,0.0,Neutral
"Almost a remake of ""Driven""","Almost a remake of ""Driven""",0.0,1.0,0.0,0.0,Neutral
Fâœ¨ï¸ðŸ§‘â€ðŸš€,Fâœ¨ï¸ðŸ§‘â€ðŸš€,0.0,1.0,0.0,0.0,Neutral
max actually completes a race without trying to bin someone.,max actually completes a race without trying to bin someone.,0.0,1.0,0.0,0.0,Neutral
Maybe someone will know: Is there a reason why none of the drivers had any lines or even shared any ...,Maybe someone will know: Is there a reason why none of the drivers had any lines or even shared any scenes with the characters? (Aside from the Alonso fist bump),0.0,0.924,0.076,0.34,Positive
Congratulations on the Oscar nominations.,Congratulations on the Oscar nominations.,0.0,0.506,0.494,0.5994,Positive
"This isn't just another F1 movie, it's THE F1 MO-VIE!.","This isn't just another F1 movie, it's THE F1 MO-VIE!.",0.0,1.0,0.0,0.0,Neutral
This is how you do a teaser.,This is how you do a teaser.,0.25,0.75,0.0,-0.25,Negative
I am in a low place but this film helps me to be optimistic about future...â¤,I am in a low place but this film helps me to be optimistic about future...â¤,0.056,0.505,0.439,0.9118,Positive
After Sony (Annie 2015 and A Man Called Otto 2023),After Sony (Annie 2015 and A Man Called Otto 2023),0.0,1.0,0.0,0.0,Neutral
Enjoyed Days of Thunder.  Haven't seen Ford vs. Ferrari yet.  But giving this a go!,Enjoyed Days of Thunder.  Haven't seen Ford vs. Ferrari yet.  But giving this a go!,0.0,0.701,0.299,0.6749,Positive
Instant classic,Instant classic,0.0,1.0,0.0,0.0,Neutral
Nice nice,Nice nice,0.0,0.0,1.0,0.6808,Positive
"It's been 1 year ago, baby!","It's been 1 year ago, baby!",0.0,1.0,0.0,0.0,Neutral
Movie ðŸŽ‰ðŸŽ‰ðŸŽ‰,Movie ðŸŽ‰ðŸŽ‰ðŸŽ‰,0.0,0.331,0.669,0.7964,Positive
I keep coming back to the this trailer every couple of days! â¤,I keep coming back to the this trailer every couple of days! â¤,0.0,0.743,0.257,0.6696,Positive
Such a lame storyðŸ˜®ðŸ˜‚,Such a lame storyðŸ˜®ðŸ˜‚,0.254,0.541,0.205,0.0258,Neutral
"ã‚â™¡ä»Šæ—¥ è¦³ã«è¡Œã£ã¦ãã¾ã—ãŸâ™¡1é€±é–“ã®é™å®šå…¬é–‹ã•ã‚Œã¦ãŸã®ã§ã€ã¾ãŸè¦³ãŸã„â¤ã¨æ€ã£ã¦
2å›žç›®ã§ã™(*Â´ï¸¶`)æ—©ãã‚‚ Digitalé…ä¿¡ã•ã‚Œã¦ãŸã®ã§ã€è³¼å…¥ã—ã¡ã‚ƒã„ã¾ã—ãŸ( â‘‰>á´—<â‘‰)ï¾ï¾ï½¯â™¡
ã¾ãŸã€ã„ã¤ã‹...","ã‚â™¡ä»Šæ—¥ è¦³ã«è¡Œã£ã¦ãã¾ã—ãŸâ™¡1é€±é–“ã®é™å®šå…¬é–‹ã•ã‚Œã¦ãŸã®ã§ã€ã¾ãŸè¦³ãŸã„â¤ã¨æ€ã£ã¦
2å›žç›®ã§ã™(*Â´ï¸¶`)æ—©ãã‚‚ Digitalé…ä¿¡ã•ã‚Œã¦ãŸã®ã§ã€è³¼å…¥ã—ã¡ã‚ƒã„ã¾ã—ãŸ( â‘‰>á´—<â‘‰)ï¾ï¾ï½¯â™¡
ã¾ãŸã€ã„ã¤ã‹F1æ˜ ç”»ã€‚ã€‚ã€‚Part2 ã‚„ã£ã¦ ã»ã—ã„ãªãâ¤",0.0,0.724,0.276,0.6369,Positive
Foi tÃ£o bom,Foi tÃ£o bom,0.0,1.0,0.0,0.0,Neutral
Eighteen glodteeks,Eighteen glodteeks,0.0,1.0,0.0,0.0,Neutral
Song name?,Song name?,0.0,1.0,0.0,0.0,Neutral
"1:12 is just ARRRGGHHHHH!!!

 I WANA RACE!!!","1:12 is just ARRRGGHHHHH!!!

 I WANA RACE!!!",0.0,1.0,0.0,0.0,Neutral
Life is a very fast race!,Life is a very fast race!,0.0,1.0,0.0,0.0,Neutral
After having seen the movie twice. I can only conclude the teaser is better than the trailer.,After having seen the movie twice. I can only conclude the teaser is better than the trailer.,0.101,0.754,0.146,0.2263,Positive
"I can't believe it's been a year, honored to be watching the best movie in the world ðŸ’•ðŸŽ‰","I can't believe it's been a year, honored to be watching the best movie in the world ðŸ’•ðŸŽ‰",0.0,0.531,0.469,0.9432,Positive
"This trailer doesn't represent at all how the film really feels, even musically","This trailer doesn't represent at all how the film really feels, even musically",0.0,1.0,0.0,0.0,Neutral
man been a year huh,man been a year huh,0.0,1.0,0.0,0.0,Neutral
"watched the film today. It was fantastic. never has a teaser made me go; ""I'm going to watch that mo...","watched the film today. It was fantastic. never has a teaser made me go; ""I'm going to watch that movie"" quite like this one. And the film was great. Might be obsessed. Go watch it while you can, trust me.",0.033,0.664,0.303,0.9304,Positive
Can't believe the first trailer is already 1 year old,Can't believe the first trailer is already 1 year old,0.0,1.0,0.0,0.0,Neutral
"First class movie
Brad is the man","First class movie
Brad is the man",0.0,1.0,0.0,0.0,Neutral
ðŸŽ¬ Magnificent âœ¨ðŸ‘ŒðŸ”¥ðŸ’ªðŸ†ðŸ,ðŸŽ¬ Magnificent âœ¨ðŸ‘ŒðŸ”¥ðŸ’ªðŸ†ðŸ,0.11,0.322,0.567,0.873,Positive
It could've been a grilled cheese,It could've been a grilled cheese,0.0,1.0,0.0,0.0,Neutral
Algorithm finally did something right,Algorithm finally did something right,0.0,1.0,0.0,0.0,Neutral
"When I Saw This Trailer Drop I Was Like: ""Warner Bros. Made A New Formula 1 Movie With Brad Pitt In ...","When I Saw This Trailer Drop I Was Like: ""Warner Bros. Made A New Formula 1 Movie With Brad Pitt In It? AWESOME!""",0.071,0.673,0.257,0.7597,Positive
Very baded movie,Very baded movie,0.0,1.0,0.0,0.0,Neutral
1 year after teaser,1 year after teaser,0.4,0.6,0.0,-0.25,Negative
"Just saw it in the theater. It was fantastic!  Great writing, acting, directing and music!  Trailer ...","Just saw it in the theater. It was fantastic!  Great writing, acting, directing and music!  Trailer does it justice. See it!",0.0,0.6,0.4,0.9182,Positive
"Hi bro I am from India AK AJITH KUMAR SIR is waiting for your call on next movie, so please call AK ...","Hi bro I am from India AK AJITH KUMAR SIR is waiting for your call on next movie, so please call AK sir for next movie",0.0,0.893,0.107,0.4572,Positive
Indian actor ajith kumar role this movie perfect â¤,Indian actor ajith kumar role this movie perfect â¤,0.0,0.503,0.497,0.836,Positive
Apxg with Sonny,Apxg with Sonny,0.0,1.0,0.0,0.0,Neutral
I loved this movie so much.,I loved this movie so much.,0.0,0.562,0.438,0.5994,Positive
Max verstapen lose by APX GP,Max verstapen lose by APX GP,0.351,0.649,0.0,-0.4019,Negative
"Not only one of the best movies of the year but of the past 10. â¤
GOTTA GO EXPERIENCE THIS IN THEATE...","Not only one of the best movies of the year but of the past 10. â¤
GOTTA GO EXPERIENCE THIS IN THEATERS ðŸŽ‰",0.0,0.648,0.352,0.9178,Positive
"Leclerc: ""How Brad is faster than us""
Ferrari: ""He must be faster""","Leclerc: ""How Brad is faster than us""
Ferrari: ""He must be faster""",0.0,1.0,0.0,0.0,Neutral
â¤,â¤,0.0,0.192,0.808,0.6369,Positive
it takes F1 2 hr and 25 min to tell a decent 90 min story.,it takes F1 2 hr and 25 min to tell a decent 90 min story.,0.0,1.0,0.0,0.0,Neutral
Awesome ðŸ‘ðŸ™ŒðŸ‘‘,Awesome ðŸ‘ðŸ™ŒðŸ‘‘,0.0,0.549,0.451,0.6249,Positive
I think I like the pit stop the best! So much action! It's not about getting into the podium but it'...,"I think I like the pit stop the best! So much action! It's not about getting into the podium but it's about all ""the  hype"" which comes with the F1. - 02.06.2025",0.045,0.816,0.139,0.5162,Positive
Coming back to this teaser knowing that the last scene is actually them fighting for 22nd is hilario...,Coming back to this teaser knowing that the last scene is actually them fighting for 22nd is hilarious ðŸ˜‚,0.213,0.578,0.209,0.2144,Positive
The scene in 1:04 was done by Williams but it was done by bottas in alpha romeo in real movie,The scene in 1:04 was done by Williams but it was done by bottas in alpha romeo in real movie,0.0,1.0,0.0,0.0,Neutral
can anyone tell me the name of the song used in this teaser it would be appreciated,can anyone tell me the name of the song used in this teaser it would be appreciated,0.109,0.73,0.161,0.2617,Positive
one of the best trailers i've ever seen!,one of the best trailers i've ever seen!,0.0,0.609,0.391,0.6696,Positive
"F1 Or Fomula 1 The Movie.
ðŸ”¥ðŸŽâ¤ï¸","F1 Or Fomula 1 The Movie.
ðŸ”¥ðŸŽâ¤ï¸",0.194,0.806,0.0,-0.34,Negative
"I just went from seeing the movie. 2 decades long fan here.

_As an F1 movie, seen from a diehard fa...","I just went from seeing the movie. 2 decades long fan here.

_As an F1 movie, seen from a diehard fan, its a complete mess._ It ignores a lot of the rules and regulations of the sport.

_But as a movie produced by Lewis Hamilton himself, targeted to general audiences, _*_ITS GREAT._*

It ignores the rulebook for the sake of action, it has great shots, a really flawless teamwork to make the races as intense as they can be, and the fact that the real F1 presenters are involved, makes a better inmersion overall.

9/10. I went with a friend who knew nothing about F1, and now has real interest on the sport.",0.042,0.716,0.242,0.9852,Positive
Who watches it 2 days after the Movie got released?,Who watches it 2 days after the Movie got released?,0.0,1.0,0.0,0.0,Neutral
This movie is simply legendary ðŸ”¥ðŸ”¥,This movie is simply legendary ðŸ”¥ðŸ”¥,0.49,0.51,0.0,-0.5859,Negative
Who's here after watching the movie?,Who's here after watching the movie?,0.0,1.0,0.0,0.0,Neutral
There's got be another song to put in trailers... ðŸ˜’ðŸ˜‘,There's got be another song to put in trailers... ðŸ˜’ðŸ˜‘,0.0,1.0,0.0,0.0,Neutral
"Cinematics Amazing, Storyline and Realism Poor","Cinematics Amazing, Storyline and Realism Poor",0.284,0.367,0.349,0.1779,Positive
WAT IS  THIS ABOMINATION OF A MOVIE???,WAT IS  THIS ABOMINATION OF A MOVIE???,0.0,1.0,0.0,0.0,Neutral
ä»Šæ—¥è¦‹ã¦ãã¾ã—ãŸã‘ã©ã€ãƒ¬ãƒ¼ã‚¹ã‚·ãƒ¼ãƒ³ã®è¿«åŠ›ã¯ãã®ã¾ã¾ä¼ã‚ã£ã¦ã¾ã—ãŸã€‚å®Ÿéš›ã®F1ã«åˆã‚ã›ã¦å¿ å®Ÿã«ä»•ä¸Šã’ã¦ã„ãŸã®ã‚‚è‰¯ã‹ã£ãŸã§ã™ã€‚,ä»Šæ—¥è¦‹ã¦ãã¾ã—ãŸã‘ã©ã€ãƒ¬ãƒ¼ã‚¹ã‚·ãƒ¼ãƒ³ã®è¿«åŠ›ã¯ãã®ã¾ã¾ä¼ã‚ã£ã¦ã¾ã—ãŸã€‚å®Ÿéš›ã®F1ã«åˆã‚ã›ã¦å¿ å®Ÿã«ä»•ä¸Šã’ã¦ã„ãŸã®ã‚‚è‰¯ã‹ã£ãŸã§ã™ã€‚,0.0,1.0,0.0,0.0,Neutral
Watch the real F1 every alternate weeks or watch this fake Bollywood F1. Cant fool me but Indians ar...,Watch the real F1 every alternate weeks or watch this fake Bollywood F1. Cant fool me but Indians are exited.,0.105,0.818,0.077,-0.1555,Negative
who needs trt when I can just watch this trailer everyday,who needs trt when I can just watch this trailer everyday,0.0,1.0,0.0,0.0,Neutral
Was excited to watch the movie till I seen the trailer. Another Hollywood misfire!,Was excited to watch the movie till I seen the trailer. Another Hollywood misfire!,0.0,0.828,0.172,0.4003,Positive
9/10 this movie! A bit to dramatic but for the rest it was perfect!,9/10 this movie! A bit to dramatic but for the rest it was perfect!,0.0,0.698,0.302,0.7673,Positive
Soha tobbet nem fogtok erdekelni nem szeretlek Ã©s unom a banant,Soha tobbet nem fogtok erdekelni nem szeretlek Ã©s unom a banant,0.0,1.0,0.0,0.0,Neutral
poor,poor,1.0,0.0,0.0,-0.4767,Negative
Meh,Meh,1.0,0.0,0.0,-0.0772,Negative
Why would you do a rock pop sound track for F1 ?? Ed Sheeran! ðŸ¤¦ðŸ½â€â™‚ï¸ ðŸ‘ŽðŸ¾ðŸ‘ŽðŸ¾Get Giorgio Moroder use old ...,Why would you do a rock pop sound track for F1 ?? Ed Sheeran! ðŸ¤¦ðŸ½â€â™‚ï¸ ðŸ‘ŽðŸ¾ðŸ‘ŽðŸ¾Get Giorgio Moroder use old Vangelis or Tangerine Dream Kraftwerk! Anything but todayâ€™s pop music,0.0,0.947,0.053,0.3493,Positive
The fact that this is almost 1 year ago and I think weâ€™re all going to watch this now!,The fact that this is almost 1 year ago and I think weâ€™re all going to watch this now!,0.0,1.0,0.0,0.0,Neutral
Jesus Christ I just had a Cam and dyno tune done on my car. I'd better not drive it right after watc...,Jesus Christ I just had a Cam and dyno tune done on my car. I'd better not drive it right after watching this,0.0,0.884,0.116,0.4404,Positive
Ok now im hyped,Ok now im hyped,0.0,0.577,0.423,0.296,Positive
0:13 Sir Jackie Stewart is crying in tears right now. ðŸ˜­,0:13 Sir Jackie Stewart is crying in tears right now. ðŸ˜­,0.448,0.552,0.0,-0.7964,Negative
0:51 Tom Cruise cameo,0:51 Tom Cruise cameo,0.0,1.0,0.0,0.0,Neutral
Now THAT'S how you make a trailer.,Now THAT'S how you make a trailer.,0.0,1.0,0.0,0.0,Neutral
I love as soon as the bird comes out Guenther is looking with the door smash face.,I love as soon as the bird comes out Guenther is looking with the door smash face.,0.0,0.792,0.208,0.6369,Positive
ðŸŽï¸ðŸ F1 / Official Teaser,ðŸŽï¸ðŸ F1 / Official Teaser,0.222,0.778,0.0,-0.25,Negative
ðŸŽï¸ðŸ F1 / Official Teaser ðŸŽ¥ðŸ¿,ðŸŽï¸ðŸ F1 / Official Teaser ðŸŽ¥ðŸ¿,0.167,0.833,0.0,-0.25,Negative
Biggest let down for 2025,Biggest let down for 2025,0.0,1.0,0.0,0.0,Neutral
this is a second to none trailer for one of the best films of the year,this is a second to none trailer for one of the best films of the year,0.0,0.781,0.219,0.6369,Positive
"lol, bit old to be a driver no?","lol, bit old to be a driver no?",0.0,0.714,0.286,0.4215,Positive
Umm how abt DriveN.. 2001,Umm how abt DriveN.. 2001,0.0,1.0,0.0,0.0,Neutral
The New Next Movie Spinoff Is Motogp,The New Next Movie Spinoff Is Motogp,0.0,1.0,0.0,0.0,Neutral
ðŸ©·,ðŸ©·,0.0,1.0,0.0,0.0,Neutral
I should not have watched this before taking a drive lol,I should not have watched this before taking a drive lol,0.0,0.781,0.219,0.4215,Positive
"reminder that brad pitt abused his ex wife and children, to still cast him is disgusting","reminder that brad pitt abused his ex wife and children, to still cast him is disgusting",0.324,0.676,0.0,-0.7717,Negative
Rosie sent me ðŸ˜Š looks like a cool movie!,Rosie sent me ðŸ˜Š looks like a cool movie!,0.0,0.448,0.552,0.8777,Positive
Movie looks so cringey.,Movie looks so cringey.,0.0,1.0,0.0,0.0,Neutral
Fun,Fun,0.0,0.0,1.0,0.5106,Positive
"Ø£Ø¬Ù…Ù„ ÙÙŠÙ„Ù… Ù…Ø¹ Ø§ÙØ¶Ù„ Ù…Ù…Ø«Ù„ Ù‡ÙˆÙ„ÙŠÙˆÙˆØ¯ 
Ø¨Ø±Ø§Ø§Ø§Ø¯ Ø¨ÙŠØªâ¤","Ø£Ø¬Ù…Ù„ ÙÙŠÙ„Ù… Ù…Ø¹ Ø§ÙØ¶Ù„ Ù…Ù…Ø«Ù„ Ù‡ÙˆÙ„ÙŠÙˆÙˆØ¯ 
Ø¨Ø±Ø§Ø§Ø§Ø¯ Ø¨ÙŠØªâ¤",0.0,0.682,0.318,0.6369,Positive
Achei tÃ£o fofo fazer o filme pro Fernando Alonso ksksksksks e com participaÃ§Ã£o especial do Bortoleto,Achei tÃ£o fofo fazer o filme pro Fernando Alonso ksksksksks e com participaÃ§Ã£o especial do Bortoleto,0.0,1.0,0.0,0.0,Neutral
Came here because of RosÃ© ðŸ©·,Came here because of RosÃ© ðŸ©·,0.0,1.0,0.0,0.0,Neutral
Pitt is back !!!,Pitt is back !!!,0.0,1.0,0.0,0.0,Neutral
"As an 30 yr F1 fan, I am already so bored of this movie, and it comes outâ€¦ when? And as a strange co...","As an 30 yr F1 fan, I am already so bored of this movie, and it comes outâ€¦ when? And as a strange coincidence, I was totally bored by Queen 30 years ago.ðŸŽ‰",0.165,0.715,0.119,-0.2345,Negative
Un gran proyecto y serÃ¡ una pelÃ­cula muy lindo.â¤â¤â¤â¤ðŸŽ‰ðŸŽ‰ðŸŽ‰,Un gran proyecto y serÃ¡ una pelÃ­cula muy lindo.â¤â¤â¤â¤ðŸŽ‰ðŸŽ‰ðŸŽ‰,0.0,0.391,0.609,0.9774,Positive
"Very sad they didn't film in Singapore, the original F1 night race.","Very sad they didn't film in Singapore, the original F1 night race.",0.216,0.637,0.147,-0.2716,Negative
imagine seeing your self in the crown in the movie,imagine seeing your self in the crown in the movie,0.0,1.0,0.0,0.0,Neutral
NN VEDO L' ORA DI ANDARLO A VEDERE . A GIUGNO VIENE FUORI.....,NN VEDO L' ORA DI ANDARLO A VEDERE . A GIUGNO VIENE FUORI.....,0.0,1.0,0.0,0.0,Neutral
I just came,I just came,0.0,1.0,0.0,0.0,Neutral
"Finally Brad Pitt in a movie based on F1. Now if he would only star in a movie based on "" The Kid Ga...","Finally Brad Pitt in a movie based on F1. Now if he would only star in a movie based on "" The Kid Gallagher Story "" !",0.0,1.0,0.0,0.0,Neutral
Extraordinary Toda La Leyenda Formula 1 ðŸ‘ðŸ’¯ðŸðŸðŸðŸðŸ,Extraordinary Toda La Leyenda Formula 1 ðŸ‘ðŸ’¯ðŸðŸðŸðŸðŸ,0.0,1.0,0.0,0.0,Neutral
Can you bring that car please ðŸ™ fast Toronto,Can you bring that car please ðŸ™ fast Toronto,0.0,0.796,0.204,0.3182,Positive
This is the best ðŸŽ‰ðŸŽ‰ðŸŽ‰,This is the best ðŸŽ‰ðŸŽ‰ðŸŽ‰,0.0,0.328,0.672,0.9062,Positive
Where is all the F1 Teams??? It has lost me already!,Where is all the F1 Teams??? It has lost me already!,0.239,0.761,0.0,-0.4822,Negative
oh waa,oh waa,0.0,1.0,0.0,0.0,Neutral
"Guenther Steiner's cameo alone has me hyped for this, hoping for some Drive to Survive-esque drama o...","Guenther Steiner's cameo alone has me hyped for this, hoping for some Drive to Survive-esque drama on the big screen!",0.085,0.765,0.15,0.3699,Positive
this is going to make Driven look like Gone With The Wind,this is going to make Driven look like Gone With The Wind,0.0,0.815,0.185,0.3612,Positive
"Thu HÆ°Æ¡ng ca, 
Huáº¿, VN ðŸ˜ŠðŸ˜…","Thu HÆ°Æ¡ng ca, 
Huáº¿, VN ðŸ˜ŠðŸ˜…",0.0,0.564,0.436,0.8176,Positive
Nyenyenye,Nyenyenye,0.0,1.0,0.0,0.0,Neutral
Billy Beane moves from baseball to Formula 1 ðŸ™„ðŸ™„ðŸ™„,Billy Beane moves from baseball to Formula 1 ðŸ™„ðŸ™„ðŸ™„,0.0,1.0,0.0,0.0,Neutral
I guess we know Alonso is putting in work because itâ€™s ainâ€™t stroll that has them beat in the straig...,I guess we know Alonso is putting in work because itâ€™s ainâ€™t stroll that has them beat in the straights.,0.0,1.0,0.0,0.0,Neutral
2001  Driven ðŸ˜…,2001  Driven ðŸ˜…,0.0,0.667,0.333,0.3612,Positive
Thank you for the great content!,Thank you for the great content!,0.0,0.367,0.633,0.784,Positive
"Fantastic explanation, thank you!","Fantastic explanation, thank you!",0.0,0.238,0.762,0.75,Positive
"Thank you for this video, very enlightening!","Thank you for this video, very enlightening!",0.0,0.439,0.561,0.7495,Positive
Thank you for the great content!,Thank you for the great content!,0.0,0.367,0.633,0.784,Positive
"Your videos are always so helpful, thank you!","Your videos are always so helpful, thank you!",0.0,0.473,0.527,0.7708,Positive
"This was very informative, appreciate it.","This was very informative, appreciate it.",0.0,0.627,0.373,0.4549,Positive
"This was very informative, appreciate it.","This was very informative, appreciate it.",0.0,0.627,0.373,0.4549,Positive
"Aah, if only we still had v10s. Imagine the last shot, when ''we will rock you'' stops and we just h...","Aah, if only we still had v10s. Imagine the last shot, when ''we will rock you'' stops and we just hear the engine, but with a v10 screaming.",0.153,0.847,0.0,-0.5719,Negative
OK,OK,0.0,0.0,1.0,0.296,Positive
How I wish to see an American run in F1 that isnt a Movie,How I wish to see an American run in F1 that isnt a Movie,0.0,0.828,0.172,0.4019,Positive
1:27,1:27,0.0,1.0,0.0,0.0,Neutral
"""You get more for your money with CBDFlex's high concentration. CBDMD is overpriced for its potency....","""You get more for your money with CBDFlex's high concentration. CBDMD is overpriced for its potency.""",0.0,1.0,0.0,0.0,Neutral
"0:51 we can see MAX VERSTAPPEN AND CARLOS SIANS 
can anyone confirm that is LEWIS HAMILTON is there ...","0:51 we can see MAX VERSTAPPEN AND CARLOS SIANS 
can anyone confirm that is LEWIS HAMILTON is there in this f1 movie?
Please",0.0,0.905,0.095,0.3182,Positive
Chestappitt â¤,Chestappitt â¤,0.0,0.323,0.677,0.6369,Positive
Looks like fun,Looks like fun,0.0,0.147,0.853,0.7003,Positive
Old has been guy trains young rookie driver....yeah Stallone did that in Driven,Old has been guy trains young rookie driver....yeah Stallone did that in Driven,0.0,1.0,0.0,0.0,Neutral
A movie of F1 based in Alonso and Hamilton... A must see,A movie of F1 based in Alonso and Hamilton... A must see,0.0,1.0,0.0,0.0,Neutral
ðŸ”¥ðŸ”¥ðŸ”¥,ðŸ”¥ðŸ”¥ðŸ”¥,1.0,0.0,0.0,-0.7351,Negative
I liked this more than the trailer,I liked this more than the trailer,0.0,0.682,0.318,0.4215,Positive
Reminds me of Hunt/Lauder....Sienna/Prost rivally all.over again.  I wonder who picked the young Ham...,Reminds me of Hunt/Lauder....Sienna/Prost rivally all.over again.  I wonder who picked the young Hamilton look a like!  He does a great job doing Hamilton's ignorant attitude. ðŸ˜‚ðŸ˜‚ðŸ˜‚ðŸ˜‚,0.145,0.524,0.331,0.9468,Positive
"It's really the director of top gun: ""we need to build our car for combat""","It's really the director of top gun: ""we need to build our car for combat""",0.258,0.645,0.097,-0.4588,Negative
That ending was absolutely goosebumps ðŸ”¥,That ending was absolutely goosebumps ðŸ”¥,0.349,0.651,0.0,-0.3976,Negative
We want song in this movie â¤â¤â¤,We want song in this movie â¤â¤â¤,0.0,0.365,0.635,0.9313,Positive
This is no Days Of Thunder.,This is no Days Of Thunder.,0.306,0.694,0.0,-0.296,Negative
This movie looks cooler than the other side of the pillow ðŸŽ¬ðŸ˜ŽðŸŽ¬,This movie looks cooler than the other side of the pillow ðŸŽ¬ðŸ˜ŽðŸŽ¬,0.0,0.857,0.143,0.4588,Positive
Guenther needs a dialogue for his cameo,Guenther needs a dialogue for his cameo,0.0,1.0,0.0,0.0,Neutral
Looks like a cheesy tropefest.,Looks like a cheesy tropefest.,0.0,0.615,0.385,0.3612,Positive
come on checo,come on checo,0.0,1.0,0.0,0.0,Neutral
Americanised pish,Americanised pish,0.0,1.0,0.0,0.0,Neutral
I donâ€™t even like racing but this trailer has made me ready to purchase a ticket. Brad Pitt driving ...,I donâ€™t even like racing but this trailer has made me ready to purchase a ticket. Brad Pitt driving to the guitar solo won me over. Intense!,0.0,0.661,0.339,0.8955,Positive
Bro the movie must be cool but why the trailer song is that song ðŸ¤£ðŸ¤£ðŸ¤£,Bro the movie must be cool but why the trailer song is that song ðŸ¤£ðŸ¤£ðŸ¤£,0.0,0.632,0.368,0.9387,Positive
Movie name,Movie name,0.0,1.0,0.0,0.0,Neutral
"I'm curious to watch this movie, i hope they show up behind the scenes of f1 in this film such as:ri...","I'm curious to watch this movie, i hope they show up behind the scenes of f1 in this film such as:rivalry among teams,rivalry among drivers or something like that",0.0,0.772,0.228,0.7717,Positive
Safety Third.,Safety Third.,0.0,0.263,0.737,0.4215,Positive
Film name f1?,Film name f1?,0.0,1.0,0.0,0.0,Neutral
DUDE IM GOING TO WATCH THIS MOVIE !!!,DUDE IM GOING TO WATCH THIS MOVIE !!!,0.0,1.0,0.0,0.0,Neutral
race car movie,race car movie,0.0,1.0,0.0,0.0,Neutral
MSB fines brad pitt for using foul language.,MSB fines brad pitt for using foul language.,0.0,1.0,0.0,0.0,Neutral
"I don't even like cars, but I saw this trailer in theaters and something primal awoke in me","I don't even like cars, but I saw this trailer in theaters and something primal awoke in me",0.084,0.916,0.0,-0.1419,Negative
"Very well done, appreciate this video!","Very well done, appreciate this video!",0.0,0.415,0.585,0.6857,Positive
Impressive how they've made F1 look exciting! ðŸ˜‚ though i wonder why they've chosen a 61 year old Bra...,Impressive how they've made F1 look exciting! ðŸ˜‚ though i wonder why they've chosen a 61 year old Brad to play a driver?! I wonder how much the FIA will hate on it for encouraging excitement in the sport it neutered years ago!,0.086,0.602,0.311,0.939,Positive
"While this is just a fun assumption, it reminds us that sometimes, real-life characters can be just ...","While this is just a fun assumption, it reminds us that sometimes, real-life characters can be just as impressive and memorable as Hollywood stars. And if Guenther Steiner actually holds the Oscar in his hands, it will surely be one of those ""legendary"" moments that fans will hardly forget! ðŸ†ðŸ˜‚",0.053,0.741,0.206,0.9019,Positive
Sure. A 60 year old F1 pilot. That's very credible.,Sure. A 60 year old F1 pilot. That's very credible.,0.0,0.796,0.204,0.3182,Positive
"You explained this so well, thank you!","You explained this so well, thank you!",0.0,0.462,0.538,0.7014,Positive
I hope someday to see movie about Brown GP,I hope someday to see movie about Brown GP,0.0,0.734,0.266,0.4404,Positive
His eyes look like heâ€™s stationary,His eyes look like heâ€™s stationary,0.0,0.667,0.333,0.3612,Positive
Backmarking team catching up to the most dominant car ever??,Backmarking team catching up to the most dominant car ever??,0.0,1.0,0.0,0.0,Neutral
Gimme this but Days of Thunder,Gimme this but Days of Thunder,0.0,1.0,0.0,0.0,Neutral
Ngl not the best trailer,Ngl not the best trailer,0.457,0.543,0.0,-0.5216,Negative
Go watch lionheart.  Its a great Doc.   About a man who drove.  In real life.,Go watch lionheart.  Its a great Doc.   About a man who drove.  In real life.,0.0,0.773,0.227,0.6249,Positive
Pittstopâ˜ ï¸,Pittstopâ˜ ï¸,0.0,1.0,0.0,0.0,Neutral
"How much your Fastest Speed,  light speed on our earth!? Nope.... I'm serious... How much you can fa...","How much your Fastest Speed,  light speed on our earth!? Nope.... I'm serious... How much you can fast in our World, im the fastest ( Bradd Pitt ) 1:18",0.0,0.949,0.051,0.1316,Positive
Another lame racing movie.,Another lame racing movie.,0.483,0.517,0.0,-0.4215,Negative
I can't waitðŸ˜Š,I can't waitðŸ˜Š,0.216,0.523,0.261,0.1331,Positive
"Hard to make f1 exciting these days, uphill battle with this one","Hard to make f1 exciting these days, uphill battle with this one",0.247,0.556,0.198,0.0516,Positive
Is it just me or does brad pitt kind of look like raikonnen in some shotsðŸ˜­,Is it just me or does brad pitt kind of look like raikonnen in some shotsðŸ˜­,0.137,0.752,0.111,-0.1531,Negative
As an F1 fan I will really be waiting for the film starring Brad Pitt,As an F1 fan I will really be waiting for the film starring Brad Pitt,0.0,0.859,0.141,0.3182,Positive
will hamilton drive for ferrari or mercedes in the movie?,will hamilton drive for ferrari or mercedes in the movie?,0.0,1.0,0.0,0.0,Neutral
This trailer just ruined my life. Nothing will ever feel the way this trailer did,This trailer just ruined my life. Nothing will ever feel the way this trailer did,0.181,0.819,0.0,-0.4767,Negative
"it will be commercial for sony venice, rialto mode.","it will be commercial for sony venice, rialto mode.",0.0,1.0,0.0,0.0,Neutral
Iâ€™m gonna play this song next time i pull up next to a 170 demon in my UGR STO,Iâ€™m gonna play this song next time i pull up next to a 170 demon in my UGR STO,0.0,0.882,0.118,0.34,Positive
And Freddie Mercury ðŸ¤Ÿ,And Freddie Mercury ðŸ¤Ÿ,0.0,1.0,0.0,0.0,Neutral
The music really ruins the experience,The music really ruins the experience,0.39,0.61,0.0,-0.4927,Negative
Yeah and of course no balaclava because you need to make sure that its the actor face thats shown,Yeah and of course no balaclava because you need to make sure that its the actor face thats shown,0.097,0.705,0.198,0.3182,Positive
I doubt the story and script will be anything amazing but gah I am excited for the wheel-to-wheel sc...,I doubt the story and script will be anything amazing but gah I am excited for the wheel-to-wheel scenes. They look like they put a lot of effort into making authentic racing,0.047,0.755,0.198,0.6808,Positive
"ã‚ã–ã‚ã–æ˜ ç”»åŒ–ã—ã¦æž¶ç©ºã®è©±ã‚’ä½œã‚‰ã‚“ã§ã‚‚ãƒªã‚¢ãƒ«ãªF1ãŒååˆ†ãƒ‰ãƒ©ãƒžã ã‹ã‚‰å¿…è¦ç„¡ã„ã€‚

éŽåŽ»ã®ãƒ¬ãƒ¼ã‚¹ã‚’ãƒ‰ã‚­ãƒ¥ãƒ¡ãƒ³ãƒˆçš„ã«ä½œã‚‹ãªã‚‰ã¾ã ã—ã‚‚ ç¾åœ¨é€²è¡Œã®ãƒ¬ãƒ¼ã‚¹æ˜ ç”»ã¯å®Ÿéš›ã®ãƒ¬ãƒ¼ã‚¹ã®ãƒªã‚¢ãƒ«ã•ã«ã¯å‹ã¦ãªã„ã‹ã‚‰æµè¡Œã‚‰ãªã„...","ã‚ã–ã‚ã–æ˜ ç”»åŒ–ã—ã¦æž¶ç©ºã®è©±ã‚’ä½œã‚‰ã‚“ã§ã‚‚ãƒªã‚¢ãƒ«ãªF1ãŒååˆ†ãƒ‰ãƒ©ãƒžã ã‹ã‚‰å¿…è¦ç„¡ã„ã€‚

éŽåŽ»ã®ãƒ¬ãƒ¼ã‚¹ã‚’ãƒ‰ã‚­ãƒ¥ãƒ¡ãƒ³ãƒˆçš„ã«ä½œã‚‹ãªã‚‰ã¾ã ã—ã‚‚ ç¾åœ¨é€²è¡Œã®ãƒ¬ãƒ¼ã‚¹æ˜ ç”»ã¯å®Ÿéš›ã®ãƒ¬ãƒ¼ã‚¹ã®ãƒªã‚¢ãƒ«ã•ã«ã¯å‹ã¦ãªã„ã‹ã‚‰æµè¡Œã‚‰ãªã„ã€‚",0.0,1.0,0.0,0.0,Neutral
Does Brad make his own Pitt stops ? ðŸ¤ªðŸ™ƒ,Does Brad make his own Pitt stops ? ðŸ¤ªðŸ™ƒ,0.127,0.873,0.0,-0.1531,Negative
What's the story line?,What's the story line?,0.0,1.0,0.0,0.0,Neutral
EstÃ¡ pelÃ­cula es la favorita para ganar el premio Oscar por mejor pelÃ­cula ðŸŽ‰,EstÃ¡ pelÃ­cula es la favorita para ganar el premio Oscar por mejor pelÃ­cula ðŸŽ‰,0.0,0.838,0.162,0.4019,Positive
ðŸ”¥ðŸ”¥ðŸ”¥,ðŸ”¥ðŸ”¥ðŸ”¥,1.0,0.0,0.0,-0.7351,Negative
"Brad Pitt and Racing? Now, I have two favorite movies: Top Gun Maverick & F1 ðŸ‘â¤ðŸ.","Brad Pitt and Racing? Now, I have two favorite movies: Top Gun Maverick & F1 ðŸ‘â¤ðŸ.",0.085,0.599,0.317,0.765,Positive
The BGM in this trailer is terrible. I really hope it doesnâ€™t show up in the movie because itâ€™s so c...,The BGM in this trailer is terrible. I really hope it doesnâ€™t show up in the movie because itâ€™s so clichÃ©d and trite that it just feels tacky.,0.155,0.749,0.096,-0.2431,Negative
Well that looks absolutely horrific.,Well that looks absolutely horrific.,0.479,0.306,0.214,-0.5563,Negative
ðŸ”¥,ðŸ”¥,1.0,0.0,0.0,-0.34,Negative
invigorating,invigorating,0.0,0.0,1.0,0.4767,Positive
"The teaser is great, shows F1 racing. Guenther is such a star man, it put a smile on my face seeing ...","The teaser is great, shows F1 racing. Guenther is such a star man, it put a smile on my face seeing him.",0.072,0.688,0.239,0.6808,Positive
"There is only one person that can drive a F1 car for real being 60 years old, and his name is Fernan...","There is only one person that can drive a F1 car for real being 60 years old, and his name is Fernando Alonso...",0.0,1.0,0.0,0.0,Neutral
Canâ€™t wait ðŸ˜­â¤ï¸,Canâ€™t wait ðŸ˜­â¤ï¸,0.341,0.659,0.0,-0.4767,Negative
"At least we know he checks his mirrors. Stroll, take notes","At least we know he checks his mirrors. Stroll, take notes",0.0,1.0,0.0,0.0,Neutral
Looks like another video game coming soon.,Looks like another video game coming soon.,0.0,0.706,0.294,0.3612,Positive
THIS LOOKS EPIC,THIS LOOKS EPIC,0.0,1.0,0.0,0.0,Neutral
When your in the seat of an F1 car you just want to feel the adrenaline running through your soul,When your in the seat of an F1 car you just want to feel the adrenaline running through your soul,0.0,0.936,0.064,0.0772,Positive
Ainâ€™t no f40âŒ50 gettin yu,Ainâ€™t no f40âŒ50 gettin yu,0.268,0.732,0.0,-0.296,Negative
"""Who said anything about safe?""

Well. The rules!? 

I enjoy F1, but this over-dramatic americanised...","""Who said anything about safe?""

Well. The rules!? 

I enjoy F1, but this over-dramatic americanised branding is silly",0.0,0.654,0.346,0.6599,Positive
It's like the breaking point Aiden Vs Casper,It's like the breaking point Aiden Vs Casper,0.0,0.737,0.263,0.3612,Positive
"Fantastic explanation, thank you!","Fantastic explanation, thank you!",0.0,0.238,0.762,0.75,Positive
See I think it would be cool if they used the In car camera perspective sometimes. It's what we thin...,See I think it would be cool if they used the In car camera perspective sometimes. It's what we think of when watching a historic lap or big moment.,0.0,0.924,0.076,0.3182,Positive
Thank you for the great content!,Thank you for the great content!,0.0,0.367,0.633,0.784,Positive
Exactly the same story as Top Gun: Maverick. Just less believable.,Exactly the same story as Top Gun: Maverick. Just less believable.,0.182,0.682,0.136,-0.1531,Negative
"This was exactly what I needed, thanks!","This was exactly what I needed, thanks!",0.0,0.653,0.347,0.4926,Positive
Thank you for the great content!,Thank you for the great content!,0.0,0.367,0.633,0.784,Positive
"Great tips, thanks for sharing!","Great tips, thanks for sharing!",0.0,0.165,0.835,0.8777,Positive
"Loved the content, keep it coming!","Loved the content, keep it coming!",0.0,0.544,0.456,0.636,Positive
ðŸŽ¬ Download this and most of our best movie and videogames trailers in HIGHEST QUALITY! 4K HDR10/HDR1...,"ðŸŽ¬ Download this and most of our best movie and videogames trailers in HIGHEST QUALITY! 4K HDR10/HDR10+ available! ðŸŽ¬
Want this trailer without YouTube compression? Get the full quality version at:
https://tekno3d.com/4k-hdr-trailers 
The site is currently being updated and all trailers will be added to the site this month.
âœ¨ Available formats:
4K HDR10
Dolby Vision
4K HDR10+
Multiple bitrate options
NO YouTube compression artifacts!
ðŸ”“ Easy access: Just join our Discord (fully automated - even if you don't have an account yet, it'll guide you through!) and get instant download links.
Perfect for testing your HDR display, colorist reference, or just enjoying cinema-quality trailers! ðŸŽ¥",0.044,0.773,0.183,0.9501,Positive
It looks much better than the real HDR movie.,It looks much better than the real HDR movie.,0.0,0.734,0.266,0.4404,Positive
"ðŸ”¥ Want your videos remastered in true HDR10 or Dolby Vision quality?  
We specialize in professional...","ðŸ”¥ Want your videos remastered in true HDR10 or Dolby Vision quality?  
We specialize in professional HDR mastering and complete video restoration â€” turning low-quality footage into stunning, cinematic-grade HDR content!  

Join our Discord or contact us via WhatsApp through our site:  
ðŸŒ https://tekno3d.com  
ðŸ’¬ Discord: https://discord.gg/zNBv2d4Gbd",0.128,0.689,0.183,0.3382,Positive
There is always an old timer better than you,There is always an old timer better than you,0.0,0.734,0.266,0.4404,Positive
From The Creators Of THE LEGO MOVIE,From The Creators Of THE LEGO MOVIE,0.0,1.0,0.0,0.0,Neutral
"Nice visuals, but the trailer pacing is pretty awful along with the extremely generic music. But eve...","Nice visuals, but the trailer pacing is pretty awful along with the extremely generic music. But even worse than that, the writing, the script... it's so awful. I haven't seen the movie yet, but I've seen a ton of praise of it. This trailer does not make me excited to see it. It doesn't matter how fantastic the visuals are, if the writing is garbage it's kinda pointless.",0.231,0.648,0.122,-0.872,Negative
horrible el doblaje con IA.,horrible el doblaje con IA.,0.467,0.533,0.0,-0.5423,Negative
Hans zimmer takes this movie to another level manðŸ”¥ðŸ”¥ðŸ”¥,Hans zimmer takes this movie to another level manðŸ”¥ðŸ”¥ðŸ”¥,0.444,0.556,0.0,-0.7351,Negative
"Do you like the video and software? Use the following page to support our work and development, it w...","Do you like the video and software? Use the following page to support our work and development, it will help us a lot. You can also Join our new Discord server. Meet users and get discounts. Get your content Enhanced today. 
Support our work and development:
https://tekno3d.com/investment-opportunity/

Join our Discord server:
https://discord.gg/zNBv2d4Gbd",0.084,0.683,0.233,0.8225,Positive
Colors are correct. Anything that's neutral is neutral. That's the tale tell sign on who does HDR RI...,Colors are correct. Anything that's neutral is neutral. That's the tale tell sign on who does HDR RIGHT (this channel ) and who does it wrong.,0.11,0.89,0.0,-0.4767,Negative
great quality,great quality,0.0,0.196,0.804,0.6249,Positive
"The Pitt was made by the gods, admit it!","The Pitt was made by the gods, admit it!",0.0,0.793,0.207,0.2714,Positive
"My only complaint about this movie, I wish Kosinski held some shots a little longer. Like 2:09","My only complaint about this movie, I wish Kosinski held some shots a little longer. Like 2:09",0.104,0.663,0.233,0.4062,Positive
"What truly made F1 stand out was Kosinski's direction, Zimmer's powerful soundtrack, and Brad Pitt's...","What truly made F1 stand out was Kosinski's direction, Zimmer's powerful soundtrack, and Brad Pitt's charisma, all tied together by an engaging story",0.0,0.712,0.288,0.7964,Positive
2:15 workout is good,2:15 workout is good,0.0,0.508,0.492,0.4404,Positive
eg22,eg22,0.0,1.0,0.0,0.0,Neutral
Top de mais imagem do HDR outro coisa nÃ©,Top de mais imagem do HDR outro coisa nÃ©,0.0,0.816,0.184,0.2023,Positive
can i use your video for editing ???? please reply,can i use your video for editing ???? please reply,0.0,0.734,0.266,0.504,Positive
"Black fatigue - black fatigue - black fatigue 

Iâ€™ll watch  Max and Oscar - the real thing - with ev...","Black fatigue - black fatigue - black fatigue 

Iâ€™ll watch  Max and Oscar - the real thing - with everyone else and probably Hamiltonâ€™s  white mother",0.207,0.793,0.0,-0.6124,Negative
I saw yesterday. It was the greatest movie of my life~,I saw yesterday. It was the greatest movie of my life~,0.0,0.704,0.296,0.6369,Positive
Looks like typical Hollywood slop being churned out these days.  One star carrying the weight of the...,Looks like typical Hollywood slop being churned out these days.  One star carrying the weight of the entire movie only to disappoint us with a bunch of political lecturing rather than any real plot.   I'll pass.  It doesn't even look good enough for 123movies.  Give me Days of Thunder over this anytime.,0.09,0.866,0.044,-0.383,Negative
Looks like hot garbage.....,Looks like hot garbage.....,0.0,0.545,0.455,0.3612,Positive
a little too much boss babe stupid white man and all knowing black guy flavor,a little too much boss babe stupid white man and all knowing black guy flavor,0.195,0.805,0.0,-0.5267,Negative
ðŸðŸŽï¸ F1 The Movie (2025) / 4K HDR Trailer 2 ðŸŽ¬ Video Enhance Studio Al 1.7.5,ðŸðŸŽï¸ F1 The Movie (2025) / 4K HDR Trailer 2 ðŸŽ¬ Video Enhance Studio Al 1.7.5,0.0,1.0,0.0,0.0,Neutral
"One More Film like rocky, that says the impossible is possible, when In F1 only the young are faster...","One More Film like rocky, that says the impossible is possible, when In F1 only the young are faster, in most cases. The Human Body decaces like hell after 30 years old....Im 80 and know that is true....",0.099,0.728,0.173,0.3566,Positive
â€œThree laps is a lifetimeâ€â€”lifted almost directly from a Pacino speech in â€œAny Given Sundayâ€,â€œThree laps is a lifetimeâ€â€”lifted almost directly from a Pacino speech in â€œAny Given Sundayâ€,0.0,1.0,0.0,0.0,Neutral
absolute shite....... if its American driven about F1 its absolute Bollocks......  i wont be watchin...,absolute shite....... if its American driven about F1 its absolute Bollocks......  i wont be watching this shit.......,0.21,0.79,0.0,-0.6428,Negative
"Phim Äiá»‡n áº£nh Nháº­t Báº£n 
Truyá»n hÃ¬nh Nháº­t Báº£n","Phim Äiá»‡n áº£nh Nháº­t Báº£n 
Truyá»n hÃ¬nh Nháº­t Báº£n",0.0,1.0,0.0,0.0,Neutral
You really think forty-something year old guy can perform good in F1?,You really think forty-something year old guy can perform good in F1?,0.0,0.791,0.209,0.4404,Positive
My thumb's up! But no!!!))),My thumb's up! But no!!!))),0.0,1.0,0.0,0.0,Neutral
"ONLY those who have not be there believe racing is a ""team sport""..  I PROMISE YOU..  It IS NOT..   ...","ONLY those who have not be there believe racing is a ""team sport""..  I PROMISE YOU..  It IS NOT..   You can be a team lacky or filler if you want..   You can take ""team orders"", if you want, and your skills rank right up there with those orders..   IF YOU are NOT out there with a singular purpose in this time in your life..    You have NO business being there at all..    Those of us who have ignored ALL the politics and bullsheot and 'STOLE' the wins from established teams and the legacy winners..   Bring the effing HATE..   It is truly motivational IF you have what it takes..   It is a shame that privateers can rarely break into things like they once were able..  That being said..  IF YOU / ANYONE has what it takes..  You'll be noticed and picked up..  IF you play your cards right..",0.078,0.802,0.12,0.6339,Positive
Cool music.,Cool music.,0.0,0.303,0.697,0.3182,Positive
Waiting for the movie,Waiting for the movie,0.0,1.0,0.0,0.0,Neutral
Do IMAX next time!,Do IMAX next time!,0.0,1.0,0.0,0.0,Neutral
â¤,â¤,0.0,0.192,0.808,0.6369,Positive
Woke,Woke,0.0,1.0,0.0,0.0,Neutral
Can't wait to watch an unknown black actor watch an Irish get on brads lap and grind,Can't wait to watch an unknown black actor watch an Irish get on brads lap and grind,0.0,1.0,0.0,0.0,Neutral
"please upload the new Superman trailer, i'm sure it will be even more amazing.","please upload the new Superman trailer, i'm sure it will be even more amazing.",0.0,0.559,0.441,0.8268,Positive
"If only we could watch movies in the same quality, I beg you to enhance whole movies in this quality...","If only we could watch movies in the same quality, I beg you to enhance whole movies in this quality. We have the devices but not the content.",0.0,1.0,0.0,0.0,Neutral
